left_type	left_label	operator	right_type	right_label	issue	expected_count	reason
ANY	ANY	+	UInt64	typemax	#9422	74	UInt64 typemax boundary raises an uncatchable OverflowError (UInt128->Int64 conversion in rem/*) that aborts the whole probe before the try/catch can record a row.
ANY	ANY	-	UInt64	typemax	#9422	74	UInt64 typemax boundary raises an uncatchable OverflowError (UInt128->Int64 conversion in rem/*) that aborts the whole probe before the try/catch can record a row.
ANY	ANY	*	UInt64	typemax	#9422	74	UInt64 typemax boundary raises an uncatchable OverflowError (UInt128->Int64 conversion in rem/*) that aborts the whole probe before the try/catch can record a row.
ANY	ANY	/	UInt64	typemax	#9422	74	UInt64 typemax boundary raises an uncatchable OverflowError (UInt128->Int64 conversion in rem/*) that aborts the whole probe before the try/catch can record a row.
ANY	ANY	div	UInt64	typemax	#9422	74	UInt64 typemax boundary raises an uncatchable OverflowError (UInt128->Int64 conversion in rem/*) that aborts the whole probe before the try/catch can record a row.
ANY	ANY	fld	UInt64	typemax	#9422	74	UInt64 typemax boundary raises an uncatchable OverflowError (UInt128->Int64 conversion in rem/*) that aborts the whole probe before the try/catch can record a row.
ANY	ANY	cld	UInt64	typemax	#9422	74	UInt64 typemax boundary raises an uncatchable OverflowError (UInt128->Int64 conversion in rem/*) that aborts the whole probe before the try/catch can record a row.
ANY	ANY	rem	UInt64	typemax	#9422	74	UInt64 typemax boundary raises an uncatchable OverflowError (UInt128->Int64 conversion in rem/*) that aborts the whole probe before the try/catch can record a row.
ANY	ANY	mod	UInt64	typemax	#9422	74	UInt64 typemax boundary raises an uncatchable OverflowError (UInt128->Int64 conversion in rem/*) that aborts the whole probe before the try/catch can record a row.
ANY	ANY	==	UInt64	typemax	#9422	74	UInt64 typemax boundary raises an uncatchable OverflowError (UInt128->Int64 conversion in rem/*) that aborts the whole probe before the try/catch can record a row.
ANY	ANY	!=	UInt64	typemax	#9422	74	UInt64 typemax boundary raises an uncatchable OverflowError (UInt128->Int64 conversion in rem/*) that aborts the whole probe before the try/catch can record a row.
ANY	ANY	<	UInt64	typemax	#9422	74	UInt64 typemax boundary raises an uncatchable OverflowError (UInt128->Int64 conversion in rem/*) that aborts the whole probe before the try/catch can record a row.
ANY	ANY	<=	UInt64	typemax	#9422	74	UInt64 typemax boundary raises an uncatchable OverflowError (UInt128->Int64 conversion in rem/*) that aborts the whole probe before the try/catch can record a row.
ANY	ANY	>	UInt64	typemax	#9422	74	UInt64 typemax boundary raises an uncatchable OverflowError (UInt128->Int64 conversion in rem/*) that aborts the whole probe before the try/catch can record a row.
ANY	ANY	>=	UInt64	typemax	#9422	74	UInt64 typemax boundary raises an uncatchable OverflowError (UInt128->Int64 conversion in rem/*) that aborts the whole probe before the try/catch can record a row.
ANY	ANY	+	UInt128	typemax	#9422	74	UInt128 typemax boundary raises an uncatchable OverflowError (UInt128->Int64 conversion in rem/*) that aborts the whole probe before the try/catch can record a row.
ANY	ANY	-	UInt128	typemax	#9422	74	UInt128 typemax boundary raises an uncatchable OverflowError (UInt128->Int64 conversion in rem/*) that aborts the whole probe before the try/catch can record a row.
ANY	ANY	*	UInt128	typemax	#9422	74	UInt128 typemax boundary raises an uncatchable OverflowError (UInt128->Int64 conversion in rem/*) that aborts the whole probe before the try/catch can record a row.
ANY	ANY	/	UInt128	typemax	#9422	74	UInt128 typemax boundary raises an uncatchable OverflowError (UInt128->Int64 conversion in rem/*) that aborts the whole probe before the try/catch can record a row.
ANY	ANY	div	UInt128	typemax	#9422	74	UInt128 typemax boundary raises an uncatchable OverflowError (UInt128->Int64 conversion in rem/*) that aborts the whole probe before the try/catch can record a row.
ANY	ANY	fld	UInt128	typemax	#9422	74	UInt128 typemax boundary raises an uncatchable OverflowError (UInt128->Int64 conversion in rem/*) that aborts the whole probe before the try/catch can record a row.
ANY	ANY	cld	UInt128	typemax	#9422	74	UInt128 typemax boundary raises an uncatchable OverflowError (UInt128->Int64 conversion in rem/*) that aborts the whole probe before the try/catch can record a row.
ANY	ANY	rem	UInt128	typemax	#9422	74	UInt128 typemax boundary raises an uncatchable OverflowError (UInt128->Int64 conversion in rem/*) that aborts the whole probe before the try/catch can record a row.
ANY	ANY	mod	UInt128	typemax	#9422	74	UInt128 typemax boundary raises an uncatchable OverflowError (UInt128->Int64 conversion in rem/*) that aborts the whole probe before the try/catch can record a row.
ANY	ANY	==	UInt128	typemax	#9422	74	UInt128 typemax boundary raises an uncatchable OverflowError (UInt128->Int64 conversion in rem/*) that aborts the whole probe before the try/catch can record a row.
ANY	ANY	!=	UInt128	typemax	#9422	74	UInt128 typemax boundary raises an uncatchable OverflowError (UInt128->Int64 conversion in rem/*) that aborts the whole probe before the try/catch can record a row.
ANY	ANY	<	UInt128	typemax	#9422	74	UInt128 typemax boundary raises an uncatchable OverflowError (UInt128->Int64 conversion in rem/*) that aborts the whole probe before the try/catch can record a row.
ANY	ANY	<=	UInt128	typemax	#9422	74	UInt128 typemax boundary raises an uncatchable OverflowError (UInt128->Int64 conversion in rem/*) that aborts the whole probe before the try/catch can record a row.
ANY	ANY	>	UInt128	typemax	#9422	74	UInt128 typemax boundary raises an uncatchable OverflowError (UInt128->Int64 conversion in rem/*) that aborts the whole probe before the try/catch can record a row.
ANY	ANY	>=	UInt128	typemax	#9422	74	UInt128 typemax boundary raises an uncatchable OverflowError (UInt128->Int64 conversion in rem/*) that aborts the whole probe before the try/catch can record a row.
Int8	typemin	div	Int8	minus_one	#9429	1	Signed typemin op -1: rem/mod panic the VM (remainder overflow, #9429); div/fld/cld throw InexactError/DivideError. Kept skiplisted because rem/mod still hard-abort the probe.
Int8	typemin	div	Int16	minus_one	#9429	1	Signed typemin op -1: rem/mod panic the VM (remainder overflow, #9429); div/fld/cld throw InexactError/DivideError. Kept skiplisted because rem/mod still hard-abort the probe.
Int8	typemin	div	Int32	minus_one	#9429	1	Signed typemin op -1: rem/mod panic the VM (remainder overflow, #9429); div/fld/cld throw InexactError/DivideError. Kept skiplisted because rem/mod still hard-abort the probe.
Int8	typemin	div	Int64	minus_one	#9429	1	Signed typemin op -1: rem/mod panic the VM (remainder overflow, #9429); div/fld/cld throw InexactError/DivideError. Kept skiplisted because rem/mod still hard-abort the probe.
Int8	typemin	div	Int128	minus_one	#9429	1	Signed typemin op -1: rem/mod panic the VM (remainder overflow, #9429); div/fld/cld throw InexactError/DivideError. Kept skiplisted because rem/mod still hard-abort the probe.
Int16	typemin	div	Int8	minus_one	#9429	1	Signed typemin op -1: rem/mod panic the VM (remainder overflow, #9429); div/fld/cld throw InexactError/DivideError. Kept skiplisted because rem/mod still hard-abort the probe.
Int16	typemin	div	Int16	minus_one	#9429	1	Signed typemin op -1: rem/mod panic the VM (remainder overflow, #9429); div/fld/cld throw InexactError/DivideError. Kept skiplisted because rem/mod still hard-abort the probe.
Int16	typemin	div	Int32	minus_one	#9429	1	Signed typemin op -1: rem/mod panic the VM (remainder overflow, #9429); div/fld/cld throw InexactError/DivideError. Kept skiplisted because rem/mod still hard-abort the probe.
Int16	typemin	div	Int64	minus_one	#9429	1	Signed typemin op -1: rem/mod panic the VM (remainder overflow, #9429); div/fld/cld throw InexactError/DivideError. Kept skiplisted because rem/mod still hard-abort the probe.
Int16	typemin	div	Int128	minus_one	#9429	1	Signed typemin op -1: rem/mod panic the VM (remainder overflow, #9429); div/fld/cld throw InexactError/DivideError. Kept skiplisted because rem/mod still hard-abort the probe.
Int32	typemin	div	Int8	minus_one	#9429	1	Signed typemin op -1: rem/mod panic the VM (remainder overflow, #9429); div/fld/cld throw InexactError/DivideError. Kept skiplisted because rem/mod still hard-abort the probe.
Int32	typemin	div	Int16	minus_one	#9429	1	Signed typemin op -1: rem/mod panic the VM (remainder overflow, #9429); div/fld/cld throw InexactError/DivideError. Kept skiplisted because rem/mod still hard-abort the probe.
Int32	typemin	div	Int32	minus_one	#9429	1	Signed typemin op -1: rem/mod panic the VM (remainder overflow, #9429); div/fld/cld throw InexactError/DivideError. Kept skiplisted because rem/mod still hard-abort the probe.
Int32	typemin	div	Int64	minus_one	#9429	1	Signed typemin op -1: rem/mod panic the VM (remainder overflow, #9429); div/fld/cld throw InexactError/DivideError. Kept skiplisted because rem/mod still hard-abort the probe.
Int32	typemin	div	Int128	minus_one	#9429	1	Signed typemin op -1: rem/mod panic the VM (remainder overflow, #9429); div/fld/cld throw InexactError/DivideError. Kept skiplisted because rem/mod still hard-abort the probe.
Int64	typemin	div	Int8	minus_one	#9429	1	Signed typemin op -1: rem/mod panic the VM (remainder overflow, #9429); div/fld/cld throw InexactError/DivideError. Kept skiplisted because rem/mod still hard-abort the probe.
Int64	typemin	div	Int16	minus_one	#9429	1	Signed typemin op -1: rem/mod panic the VM (remainder overflow, #9429); div/fld/cld throw InexactError/DivideError. Kept skiplisted because rem/mod still hard-abort the probe.
Int64	typemin	div	Int32	minus_one	#9429	1	Signed typemin op -1: rem/mod panic the VM (remainder overflow, #9429); div/fld/cld throw InexactError/DivideError. Kept skiplisted because rem/mod still hard-abort the probe.
Int64	typemin	div	Int64	minus_one	#9429	1	Signed typemin op -1: rem/mod panic the VM (remainder overflow, #9429); div/fld/cld throw InexactError/DivideError. Kept skiplisted because rem/mod still hard-abort the probe.
Int64	typemin	div	Int128	minus_one	#9429	1	Signed typemin op -1: rem/mod panic the VM (remainder overflow, #9429); div/fld/cld throw InexactError/DivideError. Kept skiplisted because rem/mod still hard-abort the probe.
Int128	typemin	div	Int8	minus_one	#9429	1	Signed typemin op -1: rem/mod panic the VM (remainder overflow, #9429); div/fld/cld throw InexactError/DivideError. Kept skiplisted because rem/mod still hard-abort the probe.
Int128	typemin	div	Int16	minus_one	#9429	1	Signed typemin op -1: rem/mod panic the VM (remainder overflow, #9429); div/fld/cld throw InexactError/DivideError. Kept skiplisted because rem/mod still hard-abort the probe.
Int128	typemin	div	Int32	minus_one	#9429	1	Signed typemin op -1: rem/mod panic the VM (remainder overflow, #9429); div/fld/cld throw InexactError/DivideError. Kept skiplisted because rem/mod still hard-abort the probe.
Int128	typemin	div	Int64	minus_one	#9429	1	Signed typemin op -1: rem/mod panic the VM (remainder overflow, #9429); div/fld/cld throw InexactError/DivideError. Kept skiplisted because rem/mod still hard-abort the probe.
Int128	typemin	div	Int128	minus_one	#9429	1	Signed typemin op -1: rem/mod panic the VM (remainder overflow, #9429); div/fld/cld throw InexactError/DivideError. Kept skiplisted because rem/mod still hard-abort the probe.
Int8	typemin	fld	Int8	minus_one	#9429	1	Signed typemin op -1: rem/mod panic the VM (remainder overflow, #9429); div/fld/cld throw InexactError/DivideError. Kept skiplisted because rem/mod still hard-abort the probe.
Int8	typemin	fld	Int16	minus_one	#9429	1	Signed typemin op -1: rem/mod panic the VM (remainder overflow, #9429); div/fld/cld throw InexactError/DivideError. Kept skiplisted because rem/mod still hard-abort the probe.
Int8	typemin	fld	Int32	minus_one	#9429	1	Signed typemin op -1: rem/mod panic the VM (remainder overflow, #9429); div/fld/cld throw InexactError/DivideError. Kept skiplisted because rem/mod still hard-abort the probe.
Int8	typemin	fld	Int64	minus_one	#9429	1	Signed typemin op -1: rem/mod panic the VM (remainder overflow, #9429); div/fld/cld throw InexactError/DivideError. Kept skiplisted because rem/mod still hard-abort the probe.
Int8	typemin	fld	Int128	minus_one	#9429	1	Signed typemin op -1: rem/mod panic the VM (remainder overflow, #9429); div/fld/cld throw InexactError/DivideError. Kept skiplisted because rem/mod still hard-abort the probe.
Int16	typemin	fld	Int8	minus_one	#9429	1	Signed typemin op -1: rem/mod panic the VM (remainder overflow, #9429); div/fld/cld throw InexactError/DivideError. Kept skiplisted because rem/mod still hard-abort the probe.
Int16	typemin	fld	Int16	minus_one	#9429	1	Signed typemin op -1: rem/mod panic the VM (remainder overflow, #9429); div/fld/cld throw InexactError/DivideError. Kept skiplisted because rem/mod still hard-abort the probe.
Int16	typemin	fld	Int32	minus_one	#9429	1	Signed typemin op -1: rem/mod panic the VM (remainder overflow, #9429); div/fld/cld throw InexactError/DivideError. Kept skiplisted because rem/mod still hard-abort the probe.
Int16	typemin	fld	Int64	minus_one	#9429	1	Signed typemin op -1: rem/mod panic the VM (remainder overflow, #9429); div/fld/cld throw InexactError/DivideError. Kept skiplisted because rem/mod still hard-abort the probe.
Int16	typemin	fld	Int128	minus_one	#9429	1	Signed typemin op -1: rem/mod panic the VM (remainder overflow, #9429); div/fld/cld throw InexactError/DivideError. Kept skiplisted because rem/mod still hard-abort the probe.
Int32	typemin	fld	Int8	minus_one	#9429	1	Signed typemin op -1: rem/mod panic the VM (remainder overflow, #9429); div/fld/cld throw InexactError/DivideError. Kept skiplisted because rem/mod still hard-abort the probe.
Int32	typemin	fld	Int16	minus_one	#9429	1	Signed typemin op -1: rem/mod panic the VM (remainder overflow, #9429); div/fld/cld throw InexactError/DivideError. Kept skiplisted because rem/mod still hard-abort the probe.
Int32	typemin	fld	Int32	minus_one	#9429	1	Signed typemin op -1: rem/mod panic the VM (remainder overflow, #9429); div/fld/cld throw InexactError/DivideError. Kept skiplisted because rem/mod still hard-abort the probe.
Int32	typemin	fld	Int64	minus_one	#9429	1	Signed typemin op -1: rem/mod panic the VM (remainder overflow, #9429); div/fld/cld throw InexactError/DivideError. Kept skiplisted because rem/mod still hard-abort the probe.
Int32	typemin	fld	Int128	minus_one	#9429	1	Signed typemin op -1: rem/mod panic the VM (remainder overflow, #9429); div/fld/cld throw InexactError/DivideError. Kept skiplisted because rem/mod still hard-abort the probe.
Int64	typemin	fld	Int8	minus_one	#9429	1	Signed typemin op -1: rem/mod panic the VM (remainder overflow, #9429); div/fld/cld throw InexactError/DivideError. Kept skiplisted because rem/mod still hard-abort the probe.
Int64	typemin	fld	Int16	minus_one	#9429	1	Signed typemin op -1: rem/mod panic the VM (remainder overflow, #9429); div/fld/cld throw InexactError/DivideError. Kept skiplisted because rem/mod still hard-abort the probe.
Int64	typemin	fld	Int32	minus_one	#9429	1	Signed typemin op -1: rem/mod panic the VM (remainder overflow, #9429); div/fld/cld throw InexactError/DivideError. Kept skiplisted because rem/mod still hard-abort the probe.
Int64	typemin	fld	Int64	minus_one	#9429	1	Signed typemin op -1: rem/mod panic the VM (remainder overflow, #9429); div/fld/cld throw InexactError/DivideError. Kept skiplisted because rem/mod still hard-abort the probe.
Int64	typemin	fld	Int128	minus_one	#9429	1	Signed typemin op -1: rem/mod panic the VM (remainder overflow, #9429); div/fld/cld throw InexactError/DivideError. Kept skiplisted because rem/mod still hard-abort the probe.
Int128	typemin	fld	Int8	minus_one	#9429	1	Signed typemin op -1: rem/mod panic the VM (remainder overflow, #9429); div/fld/cld throw InexactError/DivideError. Kept skiplisted because rem/mod still hard-abort the probe.
Int128	typemin	fld	Int16	minus_one	#9429	1	Signed typemin op -1: rem/mod panic the VM (remainder overflow, #9429); div/fld/cld throw InexactError/DivideError. Kept skiplisted because rem/mod still hard-abort the probe.
Int128	typemin	fld	Int32	minus_one	#9429	1	Signed typemin op -1: rem/mod panic the VM (remainder overflow, #9429); div/fld/cld throw InexactError/DivideError. Kept skiplisted because rem/mod still hard-abort the probe.
Int128	typemin	fld	Int64	minus_one	#9429	1	Signed typemin op -1: rem/mod panic the VM (remainder overflow, #9429); div/fld/cld throw InexactError/DivideError. Kept skiplisted because rem/mod still hard-abort the probe.
Int128	typemin	fld	Int128	minus_one	#9429	1	Signed typemin op -1: rem/mod panic the VM (remainder overflow, #9429); div/fld/cld throw InexactError/DivideError. Kept skiplisted because rem/mod still hard-abort the probe.
Int8	typemin	cld	Int8	minus_one	#9429	1	Signed typemin op -1: rem/mod panic the VM (remainder overflow, #9429); div/fld/cld throw InexactError/DivideError. Kept skiplisted because rem/mod still hard-abort the probe.
Int8	typemin	cld	Int16	minus_one	#9429	1	Signed typemin op -1: rem/mod panic the VM (remainder overflow, #9429); div/fld/cld throw InexactError/DivideError. Kept skiplisted because rem/mod still hard-abort the probe.
Int8	typemin	cld	Int32	minus_one	#9429	1	Signed typemin op -1: rem/mod panic the VM (remainder overflow, #9429); div/fld/cld throw InexactError/DivideError. Kept skiplisted because rem/mod still hard-abort the probe.
Int8	typemin	cld	Int64	minus_one	#9429	1	Signed typemin op -1: rem/mod panic the VM (remainder overflow, #9429); div/fld/cld throw InexactError/DivideError. Kept skiplisted because rem/mod still hard-abort the probe.
Int8	typemin	cld	Int128	minus_one	#9429	1	Signed typemin op -1: rem/mod panic the VM (remainder overflow, #9429); div/fld/cld throw InexactError/DivideError. Kept skiplisted because rem/mod still hard-abort the probe.
Int16	typemin	cld	Int8	minus_one	#9429	1	Signed typemin op -1: rem/mod panic the VM (remainder overflow, #9429); div/fld/cld throw InexactError/DivideError. Kept skiplisted because rem/mod still hard-abort the probe.
Int16	typemin	cld	Int16	minus_one	#9429	1	Signed typemin op -1: rem/mod panic the VM (remainder overflow, #9429); div/fld/cld throw InexactError/DivideError. Kept skiplisted because rem/mod still hard-abort the probe.
Int16	typemin	cld	Int32	minus_one	#9429	1	Signed typemin op -1: rem/mod panic the VM (remainder overflow, #9429); div/fld/cld throw InexactError/DivideError. Kept skiplisted because rem/mod still hard-abort the probe.
Int16	typemin	cld	Int64	minus_one	#9429	1	Signed typemin op -1: rem/mod panic the VM (remainder overflow, #9429); div/fld/cld throw InexactError/DivideError. Kept skiplisted because rem/mod still hard-abort the probe.
Int16	typemin	cld	Int128	minus_one	#9429	1	Signed typemin op -1: rem/mod panic the VM (remainder overflow, #9429); div/fld/cld throw InexactError/DivideError. Kept skiplisted because rem/mod still hard-abort the probe.
Int32	typemin	cld	Int8	minus_one	#9429	1	Signed typemin op -1: rem/mod panic the VM (remainder overflow, #9429); div/fld/cld throw InexactError/DivideError. Kept skiplisted because rem/mod still hard-abort the probe.
Int32	typemin	cld	Int16	minus_one	#9429	1	Signed typemin op -1: rem/mod panic the VM (remainder overflow, #9429); div/fld/cld throw InexactError/DivideError. Kept skiplisted because rem/mod still hard-abort the probe.
Int32	typemin	cld	Int32	minus_one	#9429	1	Signed typemin op -1: rem/mod panic the VM (remainder overflow, #9429); div/fld/cld throw InexactError/DivideError. Kept skiplisted because rem/mod still hard-abort the probe.
Int32	typemin	cld	Int64	minus_one	#9429	1	Signed typemin op -1: rem/mod panic the VM (remainder overflow, #9429); div/fld/cld throw InexactError/DivideError. Kept skiplisted because rem/mod still hard-abort the probe.
Int32	typemin	cld	Int128	minus_one	#9429	1	Signed typemin op -1: rem/mod panic the VM (remainder overflow, #9429); div/fld/cld throw InexactError/DivideError. Kept skiplisted because rem/mod still hard-abort the probe.
Int64	typemin	cld	Int8	minus_one	#9429	1	Signed typemin op -1: rem/mod panic the VM (remainder overflow, #9429); div/fld/cld throw InexactError/DivideError. Kept skiplisted because rem/mod still hard-abort the probe.
Int64	typemin	cld	Int16	minus_one	#9429	1	Signed typemin op -1: rem/mod panic the VM (remainder overflow, #9429); div/fld/cld throw InexactError/DivideError. Kept skiplisted because rem/mod still hard-abort the probe.
Int64	typemin	cld	Int32	minus_one	#9429	1	Signed typemin op -1: rem/mod panic the VM (remainder overflow, #9429); div/fld/cld throw InexactError/DivideError. Kept skiplisted because rem/mod still hard-abort the probe.
Int64	typemin	cld	Int64	minus_one	#9429	1	Signed typemin op -1: rem/mod panic the VM (remainder overflow, #9429); div/fld/cld throw InexactError/DivideError. Kept skiplisted because rem/mod still hard-abort the probe.
Int64	typemin	cld	Int128	minus_one	#9429	1	Signed typemin op -1: rem/mod panic the VM (remainder overflow, #9429); div/fld/cld throw InexactError/DivideError. Kept skiplisted because rem/mod still hard-abort the probe.
Int128	typemin	cld	Int8	minus_one	#9429	1	Signed typemin op -1: rem/mod panic the VM (remainder overflow, #9429); div/fld/cld throw InexactError/DivideError. Kept skiplisted because rem/mod still hard-abort the probe.
Int128	typemin	cld	Int16	minus_one	#9429	1	Signed typemin op -1: rem/mod panic the VM (remainder overflow, #9429); div/fld/cld throw InexactError/DivideError. Kept skiplisted because rem/mod still hard-abort the probe.
Int128	typemin	cld	Int32	minus_one	#9429	1	Signed typemin op -1: rem/mod panic the VM (remainder overflow, #9429); div/fld/cld throw InexactError/DivideError. Kept skiplisted because rem/mod still hard-abort the probe.
Int128	typemin	cld	Int64	minus_one	#9429	1	Signed typemin op -1: rem/mod panic the VM (remainder overflow, #9429); div/fld/cld throw InexactError/DivideError. Kept skiplisted because rem/mod still hard-abort the probe.
Int128	typemin	cld	Int128	minus_one	#9429	1	Signed typemin op -1: rem/mod panic the VM (remainder overflow, #9429); div/fld/cld throw InexactError/DivideError. Kept skiplisted because rem/mod still hard-abort the probe.
Int8	typemin	rem	Int8	minus_one	#9429	1	Signed typemin op -1: rem/mod panic the VM (remainder overflow, #9429); div/fld/cld throw InexactError/DivideError. Kept skiplisted because rem/mod still hard-abort the probe.
Int8	typemin	rem	Int16	minus_one	#9429	1	Signed typemin op -1: rem/mod panic the VM (remainder overflow, #9429); div/fld/cld throw InexactError/DivideError. Kept skiplisted because rem/mod still hard-abort the probe.
Int8	typemin	rem	Int32	minus_one	#9429	1	Signed typemin op -1: rem/mod panic the VM (remainder overflow, #9429); div/fld/cld throw InexactError/DivideError. Kept skiplisted because rem/mod still hard-abort the probe.
Int8	typemin	rem	Int64	minus_one	#9429	1	Signed typemin op -1: rem/mod panic the VM (remainder overflow, #9429); div/fld/cld throw InexactError/DivideError. Kept skiplisted because rem/mod still hard-abort the probe.
Int8	typemin	rem	Int128	minus_one	#9429	1	Signed typemin op -1: rem/mod panic the VM (remainder overflow, #9429); div/fld/cld throw InexactError/DivideError. Kept skiplisted because rem/mod still hard-abort the probe.
Int16	typemin	rem	Int8	minus_one	#9429	1	Signed typemin op -1: rem/mod panic the VM (remainder overflow, #9429); div/fld/cld throw InexactError/DivideError. Kept skiplisted because rem/mod still hard-abort the probe.
Int16	typemin	rem	Int16	minus_one	#9429	1	Signed typemin op -1: rem/mod panic the VM (remainder overflow, #9429); div/fld/cld throw InexactError/DivideError. Kept skiplisted because rem/mod still hard-abort the probe.
Int16	typemin	rem	Int32	minus_one	#9429	1	Signed typemin op -1: rem/mod panic the VM (remainder overflow, #9429); div/fld/cld throw InexactError/DivideError. Kept skiplisted because rem/mod still hard-abort the probe.
Int16	typemin	rem	Int64	minus_one	#9429	1	Signed typemin op -1: rem/mod panic the VM (remainder overflow, #9429); div/fld/cld throw InexactError/DivideError. Kept skiplisted because rem/mod still hard-abort the probe.
Int16	typemin	rem	Int128	minus_one	#9429	1	Signed typemin op -1: rem/mod panic the VM (remainder overflow, #9429); div/fld/cld throw InexactError/DivideError. Kept skiplisted because rem/mod still hard-abort the probe.
Int32	typemin	rem	Int8	minus_one	#9429	1	Signed typemin op -1: rem/mod panic the VM (remainder overflow, #9429); div/fld/cld throw InexactError/DivideError. Kept skiplisted because rem/mod still hard-abort the probe.
Int32	typemin	rem	Int16	minus_one	#9429	1	Signed typemin op -1: rem/mod panic the VM (remainder overflow, #9429); div/fld/cld throw InexactError/DivideError. Kept skiplisted because rem/mod still hard-abort the probe.
Int32	typemin	rem	Int32	minus_one	#9429	1	Signed typemin op -1: rem/mod panic the VM (remainder overflow, #9429); div/fld/cld throw InexactError/DivideError. Kept skiplisted because rem/mod still hard-abort the probe.
Int32	typemin	rem	Int64	minus_one	#9429	1	Signed typemin op -1: rem/mod panic the VM (remainder overflow, #9429); div/fld/cld throw InexactError/DivideError. Kept skiplisted because rem/mod still hard-abort the probe.
Int32	typemin	rem	Int128	minus_one	#9429	1	Signed typemin op -1: rem/mod panic the VM (remainder overflow, #9429); div/fld/cld throw InexactError/DivideError. Kept skiplisted because rem/mod still hard-abort the probe.
Int64	typemin	rem	Int8	minus_one	#9429	1	Signed typemin op -1: rem/mod panic the VM (remainder overflow, #9429); div/fld/cld throw InexactError/DivideError. Kept skiplisted because rem/mod still hard-abort the probe.
Int64	typemin	rem	Int16	minus_one	#9429	1	Signed typemin op -1: rem/mod panic the VM (remainder overflow, #9429); div/fld/cld throw InexactError/DivideError. Kept skiplisted because rem/mod still hard-abort the probe.
Int64	typemin	rem	Int32	minus_one	#9429	1	Signed typemin op -1: rem/mod panic the VM (remainder overflow, #9429); div/fld/cld throw InexactError/DivideError. Kept skiplisted because rem/mod still hard-abort the probe.
Int64	typemin	rem	Int64	minus_one	#9429	1	Signed typemin op -1: rem/mod panic the VM (remainder overflow, #9429); div/fld/cld throw InexactError/DivideError. Kept skiplisted because rem/mod still hard-abort the probe.
Int64	typemin	rem	Int128	minus_one	#9429	1	Signed typemin op -1: rem/mod panic the VM (remainder overflow, #9429); div/fld/cld throw InexactError/DivideError. Kept skiplisted because rem/mod still hard-abort the probe.
Int128	typemin	rem	Int8	minus_one	#9429	1	Signed typemin op -1: rem/mod panic the VM (remainder overflow, #9429); div/fld/cld throw InexactError/DivideError. Kept skiplisted because rem/mod still hard-abort the probe.
Int128	typemin	rem	Int16	minus_one	#9429	1	Signed typemin op -1: rem/mod panic the VM (remainder overflow, #9429); div/fld/cld throw InexactError/DivideError. Kept skiplisted because rem/mod still hard-abort the probe.
Int128	typemin	rem	Int32	minus_one	#9429	1	Signed typemin op -1: rem/mod panic the VM (remainder overflow, #9429); div/fld/cld throw InexactError/DivideError. Kept skiplisted because rem/mod still hard-abort the probe.
Int128	typemin	rem	Int64	minus_one	#9429	1	Signed typemin op -1: rem/mod panic the VM (remainder overflow, #9429); div/fld/cld throw InexactError/DivideError. Kept skiplisted because rem/mod still hard-abort the probe.
Int128	typemin	rem	Int128	minus_one	#9429	1	Signed typemin op -1: rem/mod panic the VM (remainder overflow, #9429); div/fld/cld throw InexactError/DivideError. Kept skiplisted because rem/mod still hard-abort the probe.
Int8	typemin	mod	Int8	minus_one	#9429	1	Signed typemin op -1: rem/mod panic the VM (remainder overflow, #9429); div/fld/cld throw InexactError/DivideError. Kept skiplisted because rem/mod still hard-abort the probe.
Int8	typemin	mod	Int16	minus_one	#9429	1	Signed typemin op -1: rem/mod panic the VM (remainder overflow, #9429); div/fld/cld throw InexactError/DivideError. Kept skiplisted because rem/mod still hard-abort the probe.
Int8	typemin	mod	Int32	minus_one	#9429	1	Signed typemin op -1: rem/mod panic the VM (remainder overflow, #9429); div/fld/cld throw InexactError/DivideError. Kept skiplisted because rem/mod still hard-abort the probe.
Int8	typemin	mod	Int64	minus_one	#9429	1	Signed typemin op -1: rem/mod panic the VM (remainder overflow, #9429); div/fld/cld throw InexactError/DivideError. Kept skiplisted because rem/mod still hard-abort the probe.
Int8	typemin	mod	Int128	minus_one	#9429	1	Signed typemin op -1: rem/mod panic the VM (remainder overflow, #9429); div/fld/cld throw InexactError/DivideError. Kept skiplisted because rem/mod still hard-abort the probe.
Int16	typemin	mod	Int8	minus_one	#9429	1	Signed typemin op -1: rem/mod panic the VM (remainder overflow, #9429); div/fld/cld throw InexactError/DivideError. Kept skiplisted because rem/mod still hard-abort the probe.
Int16	typemin	mod	Int16	minus_one	#9429	1	Signed typemin op -1: rem/mod panic the VM (remainder overflow, #9429); div/fld/cld throw InexactError/DivideError. Kept skiplisted because rem/mod still hard-abort the probe.
Int16	typemin	mod	Int32	minus_one	#9429	1	Signed typemin op -1: rem/mod panic the VM (remainder overflow, #9429); div/fld/cld throw InexactError/DivideError. Kept skiplisted because rem/mod still hard-abort the probe.
Int16	typemin	mod	Int64	minus_one	#9429	1	Signed typemin op -1: rem/mod panic the VM (remainder overflow, #9429); div/fld/cld throw InexactError/DivideError. Kept skiplisted because rem/mod still hard-abort the probe.
Int16	typemin	mod	Int128	minus_one	#9429	1	Signed typemin op -1: rem/mod panic the VM (remainder overflow, #9429); div/fld/cld throw InexactError/DivideError. Kept skiplisted because rem/mod still hard-abort the probe.
Int32	typemin	mod	Int8	minus_one	#9429	1	Signed typemin op -1: rem/mod panic the VM (remainder overflow, #9429); div/fld/cld throw InexactError/DivideError. Kept skiplisted because rem/mod still hard-abort the probe.
Int32	typemin	mod	Int16	minus_one	#9429	1	Signed typemin op -1: rem/mod panic the VM (remainder overflow, #9429); div/fld/cld throw InexactError/DivideError. Kept skiplisted because rem/mod still hard-abort the probe.
Int32	typemin	mod	Int32	minus_one	#9429	1	Signed typemin op -1: rem/mod panic the VM (remainder overflow, #9429); div/fld/cld throw InexactError/DivideError. Kept skiplisted because rem/mod still hard-abort the probe.
Int32	typemin	mod	Int64	minus_one	#9429	1	Signed typemin op -1: rem/mod panic the VM (remainder overflow, #9429); div/fld/cld throw InexactError/DivideError. Kept skiplisted because rem/mod still hard-abort the probe.
Int32	typemin	mod	Int128	minus_one	#9429	1	Signed typemin op -1: rem/mod panic the VM (remainder overflow, #9429); div/fld/cld throw InexactError/DivideError. Kept skiplisted because rem/mod still hard-abort the probe.
Int64	typemin	mod	Int8	minus_one	#9429	1	Signed typemin op -1: rem/mod panic the VM (remainder overflow, #9429); div/fld/cld throw InexactError/DivideError. Kept skiplisted because rem/mod still hard-abort the probe.
Int64	typemin	mod	Int16	minus_one	#9429	1	Signed typemin op -1: rem/mod panic the VM (remainder overflow, #9429); div/fld/cld throw InexactError/DivideError. Kept skiplisted because rem/mod still hard-abort the probe.
Int64	typemin	mod	Int32	minus_one	#9429	1	Signed typemin op -1: rem/mod panic the VM (remainder overflow, #9429); div/fld/cld throw InexactError/DivideError. Kept skiplisted because rem/mod still hard-abort the probe.
Int64	typemin	mod	Int64	minus_one	#9429	1	Signed typemin op -1: rem/mod panic the VM (remainder overflow, #9429); div/fld/cld throw InexactError/DivideError. Kept skiplisted because rem/mod still hard-abort the probe.
Int64	typemin	mod	Int128	minus_one	#9429	1	Signed typemin op -1: rem/mod panic the VM (remainder overflow, #9429); div/fld/cld throw InexactError/DivideError. Kept skiplisted because rem/mod still hard-abort the probe.
Int128	typemin	mod	Int8	minus_one	#9429	1	Signed typemin op -1: rem/mod panic the VM (remainder overflow, #9429); div/fld/cld throw InexactError/DivideError. Kept skiplisted because rem/mod still hard-abort the probe.
Int128	typemin	mod	Int16	minus_one	#9429	1	Signed typemin op -1: rem/mod panic the VM (remainder overflow, #9429); div/fld/cld throw InexactError/DivideError. Kept skiplisted because rem/mod still hard-abort the probe.
Int128	typemin	mod	Int32	minus_one	#9429	1	Signed typemin op -1: rem/mod panic the VM (remainder overflow, #9429); div/fld/cld throw InexactError/DivideError. Kept skiplisted because rem/mod still hard-abort the probe.
Int128	typemin	mod	Int64	minus_one	#9429	1	Signed typemin op -1: rem/mod panic the VM (remainder overflow, #9429); div/fld/cld throw InexactError/DivideError. Kept skiplisted because rem/mod still hard-abort the probe.
Int128	typemin	mod	Int128	minus_one	#9429	1	Signed typemin op -1: rem/mod panic the VM (remainder overflow, #9429); div/fld/cld throw InexactError/DivideError. Kept skiplisted because rem/mod still hard-abort the probe.
UInt64	typemax	ANY	ANY	ANY	#9422	1080	UInt64 typemax boundary raises an uncatchable OverflowError (UInt128->Int64 conversion in rem/*) that aborts the whole probe before the try/catch can record a row.
UInt128	typemax	ANY	ANY	ANY	#9422	1080	UInt128 typemax boundary raises an uncatchable OverflowError (UInt128->Int64 conversion in rem/*) that aborts the whole probe before the try/catch can record a row.
