bucket	metric	module	count
build-time-invariant	expect_call	subset_julia_vm/build.rs	9
build-time-invariant	panic_macro	subset_julia_vm/build.rs	13
build-time-invariant	panic_macro	subset_julia_vm/src/bin	15
build-time-invariant	unwrap_call	subset_julia_vm/src/bin	11
cache-corruption-boundary	expect_call	subset_julia_vm/src/core_ir_file.rs	2
test-only	expect_call	subset_julia_vm/src/aot	45
test-only	expect_call	subset_julia_vm/src/api.rs	12
test-only	expect_call	subset_julia_vm/src/base_loader.rs	6
test-only	expect_call	subset_julia_vm_compile/src/compile	270
test-only	expect_call	subset_julia_vm/src/core_ir_file.rs	1
test-only	expect_call	subset_julia_vm/src/julia	19
test-only	expect_call	subset_julia_vm/src/loader.rs	22
test-only	expect_call	subset_julia_vm_lowering/src/lowering	47
test-only	expect_call	subset_julia_vm/src/macro_runtime.rs	3
test-only	expect_call	subset_julia_vm/src/pipeline.rs	6
test-only	expect_call	subset_julia_vm_vm/src/register_vm.rs	18
test-only	expect_call	subset_julia_vm/src/repl	19
test-only	expect_call	subset_julia_vm/src/stdlib_loader.rs	3
test-only	expect_call	subset_julia_vm/src/test_runtime.rs	5
test-only	expect_call	subset_julia_vm_vm/src/vm	65
test-only	expect_call	subset_julia_vm_vm/src/vm/builtins_macro	4
test-only	expect_call	subset_julia_vm_vm/src/vm/dynamic_ops	1
test-only	expect_call	subset_julia_vm_vm/src/vm/exec/call.rs	1
test-only	expect_call	subset_julia_vm_vm/src/vm/specialize	23
test-only	expect_call	subset_julia_vm_vm/src/vm/type_ops	3
test-only	expect_call	subset_julia_vm/src/vm_bytecode_file.rs	18
test-only	expect_call	subset_julia_vm_ffi/src/bytecode.rs	4
test-only	expect_call	subset_julia_vm_web/src/lib.rs	7
test-only	panic_macro	subset_julia_vm/src/aot	25
test-only	panic_macro	subset_julia_vm/src/api.rs	1
test-only	panic_macro	subset_julia_vm/src/bin	3
test-only	panic_macro	subset_julia_vm_compile/src/compile	39
test-only	panic_macro	subset_julia_vm/src/julia	2
test-only	panic_macro	subset_julia_vm_lowering/src/lowering	31
test-only	panic_macro	subset_julia_vm/src/macro_runtime.rs	5
test-only	panic_macro	subset_julia_vm_vm/src/register_vm.rs	2
test-only	panic_macro	subset_julia_vm/src/repl	5
test-only	panic_macro	subset_julia_vm/src/runtime_types	9
test-only	panic_macro	subset_julia_vm_vm/src/vm	25
test-only	panic_macro	subset_julia_vm_vm/src/vm/builtins_macro	1
test-only	panic_macro	subset_julia_vm_vm/src/vm/builtins_reflection	26
test-only	panic_macro	subset_julia_vm_vm/src/vm/dynamic_ops	1
test-only	panic_macro	subset_julia_vm_vm/src/vm/exec/array_mutate.rs	17
test-only	panic_macro	subset_julia_vm_vm/src/vm/exec/binary_both.rs	19
test-only	panic_macro	subset_julia_vm_vm/src/vm/exec/rng.rs	2
test-only	panic_macro	subset_julia_vm_vm/src/vm/exec/stack.rs	1
test-only	panic_macro	subset_julia_vm_vm/src/vm/exec/struct_ops.rs	8
test-only	panic_macro	subset_julia_vm_vm/src/vm/specialize	2
test-only	panic_macro	subset_julia_vm_ffi/src/bytecode.rs	2
test-only	panic_macro	subset_julia_vm_ffi/src/detailed.rs	1
test-only	panic_macro	subset_julia_vm_parser/src/corpus.rs	1
test-only	panic_macro	subset_julia_vm_parser/src/cst.rs	5
test-only	panic_macro	subset_julia_vm_runtime/src/dispatch.rs	1
test-only	unwrap_call	subset_julia_vm/src/aot	633
test-only	unwrap_call	subset_julia_vm/src/base_loader.rs	1
test-only	unwrap_call	subset_julia_vm/src/bin	25
test-only	unwrap_call	subset_julia_vm_compile/src/compile	39
test-only	unwrap_call	subset_julia_vm/src/core_ir_file.rs	4
test-only	unwrap_call	subset_julia_vm/src/julia	57
test-only	unwrap_call	subset_julia_vm_lowering/src/lowering	46
test-only	unwrap_call	subset_julia_vm/src/repl	27
test-only	unwrap_call	subset_julia_vm_vm/src/vm	117
test-only	unwrap_call	subset_julia_vm_vm/src/vm/builtins_reflection	11
test-only	unwrap_call	subset_julia_vm_vm/src/vm/dynamic_ops	6
test-only	unwrap_call	subset_julia_vm_vm/src/vm/formatting	5
test-only	unwrap_call	subset_julia_vm_vm/src/vm/matmul	12
test-only	unwrap_call	subset_julia_vm_vm/src/vm/type_ops	11
test-only	unwrap_call	subset_julia_vm_ffi/src/bytecode.rs	2
test-only	unwrap_call	subset_julia_vm_ffi/src/detailed.rs	13
test-only	unwrap_call	subset_julia_vm_ffi/src/repl_ffi.rs	13
test-only	unwrap_call	subset_julia_vm_parser/src/cst.rs	3
test-only	unwrap_call	subset_julia_vm_parser/src/lexer.rs	8
test-only	unwrap_call	subset_julia_vm_parser/src/lib.rs	5
test-only	unwrap_call	subset_julia_vm_parser/src/node_kind	6
test-only	unwrap_call	subset_julia_vm_runtime/src/array.rs	3
test-only	unwrap_call	subset_julia_vm_runtime/src/convert.rs	7
test-only	unwrap_call	subset_julia_vm_runtime/src/dispatch.rs	9
user-input-reachable	expect_call	subset_julia_vm_lowering/src/expr_heads.rs	1
user-input-reachable	expect_call	subset_julia_vm_vm/src/vm/exec/mod.rs	1
user-input-reachable	expect_call	subset_julia_vm_parser/src/parser	101
user-input-reachable	panic_macro	subset_julia_vm_compile/src/compile	1
user-input-reachable	panic_macro	subset_julia_vm_runtime/src/error.rs	2
user-input-reachable	unwrap_call	subset_julia_vm/src/api.rs	1
user-input-reachable	unwrap_call	subset_julia_vm_compile/src/compile	1
user-input-reachable	unwrap_call	subset_julia_vm_vm/src/vm	1
user-input-reachable	unwrap_call	subset_julia_vm_runtime/src/error.rs	1
