kind	domain	layer	difficulty	verdict	module	count
by_name_ref	function	compile	requires-owner-context-plumbing	identity-bearing	subset_julia_vm_compile/src/compile	3
by_name_ref	function	vm	mechanical-rename	identity-bearing	subset_julia_vm_vm/src/vm	6
by_name_ref	function	vm	requires-owner-context-plumbing	identity-bearing	subset_julia_vm_vm/src/vm	12
by_name_ref	global	vm	requires-owner-context-plumbing	identity-bearing	subset_julia_vm_vm/src/vm	2
by_name_ref	other	compile	mechanical-rename	identity-bearing	subset_julia_vm_bytecode/src/value	4
by_name_ref	other	compile	mechanical-rename	identity-bearing	subset_julia_vm_compile/src/compile	4
by_name_ref	other	compile	requires-owner-context-plumbing	identity-bearing	subset_julia_vm_bytecode/src/value	5
by_name_ref	other	inference	requires-owner-context-plumbing	identity-bearing	subset_julia_vm_types/src/inference_core	3
by_name_ref	other	vm	mechanical-rename	identity-bearing	subset_julia_vm_vm/src/register_vm.rs	6
by_name_ref	other	vm	mechanical-rename	identity-bearing	subset_julia_vm_vm/src/vm	31
by_name_ref	other	vm	requires-owner-context-plumbing	identity-bearing	subset_julia_vm_vm/src/register_vm.rs	2
by_name_ref	other	vm	requires-owner-context-plumbing	identity-bearing	subset_julia_vm_vm/src/vm	11
by_name_ref	struct	compile	mechanical-rename	identity-bearing	subset_julia_vm_compile/src/compile	6
by_name_ref	struct	compile	requires-owner-context-plumbing	identity-bearing	subset_julia_vm_compile/src/compile	9
by_name_ref	struct	inference	requires-owner-context-plumbing	identity-bearing	subset_julia_vm_types/src/inference_core	4
by_name_ref	struct	inference	requires-owner-context-plumbing	identity-bearing	subset_julia_vm_types/src/runtime_types	1
by_name_ref	struct	other	mechanical-rename	identity-bearing	subset_julia_vm/src/aot	1
map_decl	function	cache	requires-serialization-format-change	identity-bearing	subset_julia_vm_compile/src/compile	4
map_decl	function	compile	mechanical-rename	identity-bearing	subset_julia_vm_compile/src/compile	2
map_decl	function	compile	requires-owner-context-plumbing	identity-bearing	subset_julia_vm_compile/src/compile	31
map_decl	function	other	mechanical-rename	identity-bearing	subset_julia_vm/src/aot	5
map_decl	function	other	mechanical-rename	identity-bearing	subset_julia_vm/src/macro_runtime.rs	1
map_decl	function	other	requires-owner-context-plumbing	identity-bearing	subset_julia_vm/src/aot	24
map_decl	function	vm	requires-owner-context-plumbing	identity-bearing	subset_julia_vm/src/repl	5
map_decl	function	vm	requires-owner-context-plumbing	identity-bearing	subset_julia_vm_vm/src/register_vm.rs	4
map_decl	function	vm	requires-owner-context-plumbing	identity-bearing	subset_julia_vm_vm/src/vm	4
map_decl	global	cache	requires-serialization-format-change	inert	subset_julia_vm_compile/src/compile	12
map_decl	global	compile	requires-owner-context-plumbing	identity-bearing	subset_julia_vm_compile/src/compile	6
map_decl	global	compile	requires-owner-context-plumbing	inert	subset_julia_vm_bytecode/src/program.rs	1
map_decl	global	compile	requires-owner-context-plumbing	inert	subset_julia_vm_bytecode/src/runtime_types	2
map_decl	global	compile	requires-owner-context-plumbing	inert	subset_julia_vm_compile/src/compile	29
map_decl	global	other	requires-owner-context-plumbing	identity-bearing	subset_julia_vm/src/aot	4
map_decl	global	other	requires-owner-context-plumbing	inert	subset_julia_vm/src/macro_runtime.rs	1
map_decl	global	vm	requires-owner-context-plumbing	identity-bearing	subset_julia_vm_vm/src/vm	4
map_decl	global	vm	requires-owner-context-plumbing	inert	subset_julia_vm/src/repl	2
map_decl	method-sig	cache	requires-serialization-format-change	identity-bearing	subset_julia_vm_compile/src/compile	4
map_decl	method-sig	compile	requires-owner-context-plumbing	identity-bearing	subset_julia_vm_compile/src/compile	18
map_decl	method-sig	other	requires-owner-context-plumbing	identity-bearing	subset_julia_vm/src/aot	2
map_decl	method-sig	vm	requires-owner-context-plumbing	identity-bearing	subset_julia_vm_vm/src/vm	8
map_decl	module	cache	requires-serialization-format-change	identity-bearing	subset_julia_vm/src/loader.rs	1
map_decl	module	cache	requires-serialization-format-change	identity-bearing	subset_julia_vm_compile/src/compile	4
map_decl	module	cache	requires-serialization-format-change	lexical-boundary	subset_julia_vm_compile/src/compile	5
map_decl	module	compile	mechanical-rename	identity-bearing	subset_julia_vm_compile/src/compile	1
map_decl	module	compile	mechanical-rename	lexical-boundary	subset_julia_vm_compile/src/compile	3
map_decl	module	compile	requires-owner-context-plumbing	identity-bearing	subset_julia_vm_bytecode/src/program.rs	2
map_decl	module	compile	requires-owner-context-plumbing	identity-bearing	subset_julia_vm_compile/src/compile	17
map_decl	module	compile	requires-owner-context-plumbing	lexical-boundary	subset_julia_vm_bytecode/src/module_intern.rs	1
map_decl	module	compile	requires-owner-context-plumbing	lexical-boundary	subset_julia_vm_bytecode/src/program.rs	1
map_decl	module	compile	requires-owner-context-plumbing	lexical-boundary	subset_julia_vm_compile/src/compile	49
map_decl	module	lowering	requires-owner-context-plumbing	identity-bearing	subset_julia_vm_lowering/src/lowering	1
map_decl	module	vm	requires-owner-context-plumbing	identity-bearing	subset_julia_vm/src/repl	7
map_decl	other	cache	requires-serialization-format-change	identity-bearing	subset_julia_vm/src/loader.rs	2
map_decl	other	cache	requires-serialization-format-change	identity-bearing	subset_julia_vm_compile/src/compile	4
map_decl	other	compile	mechanical-rename	identity-bearing	subset_julia_vm_bytecode/src/slot.rs	1
map_decl	other	compile	mechanical-rename	identity-bearing	subset_julia_vm_compile/src/compile	7
map_decl	other	compile	requires-owner-context-plumbing	identity-bearing	subset_julia_vm_bytecode/src/method_table.rs	2
map_decl	other	compile	requires-owner-context-plumbing	identity-bearing	subset_julia_vm_bytecode/src/slot.rs	5
map_decl	other	compile	requires-owner-context-plumbing	identity-bearing	subset_julia_vm_bytecode/src/stack_backend.rs	1
map_decl	other	compile	requires-owner-context-plumbing	identity-bearing	subset_julia_vm_compile/src/compile	67
map_decl	other	inference	mechanical-rename	identity-bearing	subset_julia_vm_types/src/inference_core	4
map_decl	other	inference	requires-owner-context-plumbing	identity-bearing	subset_julia_vm_types/src/inference_core	6
map_decl	other	inference	requires-owner-context-plumbing	identity-bearing	subset_julia_vm_types/src/runtime_types	3
map_decl	other	inference	requires-owner-context-plumbing	identity-bearing	subset_julia_vm_types/src/types	1
map_decl	other	lowering	mechanical-rename	identity-bearing	subset_julia_vm_lowering/src/lowering	1
map_decl	other	lowering	requires-owner-context-plumbing	identity-bearing	subset_julia_vm_lowering/src/lowering	10
map_decl	other	other	mechanical-rename	identity-bearing	subset_julia_vm/src/aot	4
map_decl	other	other	mechanical-rename	identity-bearing	subset_julia_vm/src/macro_runtime.rs	1
map_decl	other	other	requires-owner-context-plumbing	identity-bearing	subset_julia_vm/src/aot	31
map_decl	other	other	requires-owner-context-plumbing	identity-bearing	subset_julia_vm/src/base_loader.rs	3
map_decl	other	other	requires-owner-context-plumbing	identity-bearing	subset_julia_vm/src/macro_runtime.rs	4
map_decl	other	other	requires-owner-context-plumbing	identity-bearing	subset_julia_vm/src/stdlib_loader.rs	6
map_decl	other	other	requires-owner-context-plumbing	identity-bearing	subset_julia_vm/src/unicode.rs	4
map_decl	other	other	requires-owner-context-plumbing	identity-bearing	subset_julia_vm_lowering/src/include	2
map_decl	other	parser	mechanical-rename	identity-bearing	subset_julia_vm_parser/src/bin	1
map_decl	other	vm	mechanical-rename	identity-bearing	subset_julia_vm_vm/src/vm	1
map_decl	other	vm	requires-owner-context-plumbing	identity-bearing	subset_julia_vm/src/repl	23
map_decl	other	vm	requires-owner-context-plumbing	identity-bearing	subset_julia_vm_runtime/src/value.rs	1
map_decl	other	vm	requires-owner-context-plumbing	identity-bearing	subset_julia_vm_vm/src/register_vm.rs	1
map_decl	other	vm	requires-owner-context-plumbing	identity-bearing	subset_julia_vm_vm/src/vm	23
map_decl	struct	cache	requires-serialization-format-change	identity-bearing	subset_julia_vm_compile/src/compile	4
map_decl	struct	compile	mechanical-rename	identity-bearing	subset_julia_vm_compile/src/compile	5
map_decl	struct	compile	requires-owner-context-plumbing	identity-bearing	subset_julia_vm_bytecode/src/method_table.rs	2
map_decl	struct	compile	requires-owner-context-plumbing	identity-bearing	subset_julia_vm_bytecode/src/program.rs	3
map_decl	struct	compile	requires-owner-context-plumbing	identity-bearing	subset_julia_vm_bytecode/src/runtime_types	1
map_decl	struct	compile	requires-owner-context-plumbing	identity-bearing	subset_julia_vm_bytecode/src/value	2
map_decl	struct	compile	requires-owner-context-plumbing	identity-bearing	subset_julia_vm_compile/src/compile	112
map_decl	struct	compile	requires-owner-context-plumbing	lexical-boundary	subset_julia_vm_bytecode/src/struct_registry.rs	1
map_decl	struct	inference	requires-owner-context-plumbing	identity-bearing	subset_julia_vm_types/src/inference_core	11
map_decl	struct	inference	requires-owner-context-plumbing	identity-bearing	subset_julia_vm_types/src/runtime_types	5
map_decl	struct	inference	requires-owner-context-plumbing	identity-bearing	subset_julia_vm_types/src/types	13
map_decl	struct	lowering	requires-owner-context-plumbing	identity-bearing	subset_julia_vm_lowering/src/lowering	1
map_decl	struct	other	requires-owner-context-plumbing	identity-bearing	subset_julia_vm/src/aot	26
map_decl	struct	other	requires-owner-context-plumbing	identity-bearing	subset_julia_vm/src/julia	1
map_decl	struct	vm	mechanical-rename	identity-bearing	subset_julia_vm_vm/src/vm	3
map_decl	struct	vm	requires-owner-context-plumbing	identity-bearing	subset_julia_vm/src/repl	5
map_decl	struct	vm	requires-owner-context-plumbing	identity-bearing	subset_julia_vm_vm/src/vm	49
map_decl	typevar	inference	requires-owner-context-plumbing	lexical-boundary	subset_julia_vm_types/src/inference_core	3
map_decl	typevar	vm	requires-owner-context-plumbing	identity-bearing	subset_julia_vm_vm/src/vm	1
